INSERT INTO MarcaAviao (id, descricao) VALUES (1, 'Boeing');

INSERT INTO Aviao (id, marca_id, modelo, prefixo, ano_fabricacao, total_assentos) VALUES (1, 1, '737-600', 'TAL061', '2005', 132);
INSERT INTO Aviao (id, marca_id, modelo, prefixo, ano_fabricacao, total_assentos) VALUES (5, 1, '737-600', 'TAL062', '2005', 110);
INSERT INTO Aviao (id, marca_id, modelo, prefixo, ano_fabricacao, total_assentos) VALUES (2, 1, '737-700', 'TAL071', '2010', 149);
INSERT INTO Aviao (id, marca_id, modelo, prefixo, ano_fabricacao, total_assentos) VALUES (6, 1, '737-700', 'TAL072', '2010', 126);
INSERT INTO Aviao (id, marca_id, modelo, prefixo, ano_fabricacao, total_assentos) VALUES (3, 1, '737-800', 'TAL081', '2015', 189);
INSERT INTO Aviao (id, marca_id, modelo, prefixo, ano_fabricacao, total_assentos) VALUES (7, 1, '737-800', 'TAL082', '2015', 162);
INSERT INTO Aviao (id, marca_id, modelo, prefixo, ano_fabricacao, total_assentos) VALUES (4, 1, '737-900', 'TAL091', '2020', 220);
INSERT INTO Aviao (id, marca_id, modelo, prefixo, ano_fabricacao, total_assentos) VALUES (8, 1, '737-900', 'TAL092', '2020', 178);

INSERT INTO Aeroporto (id, nome, cidade_id, codigoIata) VALUES (1, 'Aeroporto Internacional de Rio Branco - Plácido de Castro', 1, 'RBR, SBRB');
INSERT INTO Aeroporto (id, nome, cidade_id, codigoIata) VALUES (2, 'Aeroporto Internacional de Maceió - Zumbi dos Palmares', 2, 'MCZ, SBMO');
INSERT INTO Aeroporto (id, nome, cidade_id, codigoIata) VALUES (3, 'Aeroporto Internacional de Macapá - Alberto Alcolumbre', 3, 'MCP, SBMQ');
INSERT INTO Aeroporto (id, nome, cidade_id, codigoIata) VALUES (4, 'Aeroporto Internacional de Manaus - Eduardo Gomes', 4, 'MAO, SBEG');
INSERT INTO Aeroporto (id, nome, cidade_id, codigoIata) VALUES (5, 'Aeroporto Internacional de Salvador - Luís Eduardo Magalhães', 5, 'SSA, SBSV');
INSERT INTO Aeroporto (id, nome, cidade_id, codigoIata) VALUES (6, 'Aeroporto Internacional de Fortaleza - Pinto Martins', 6, 'FOR, SBFZ');
INSERT INTO Aeroporto (id, nome, cidade_id, codigoIata) VALUES (7, 'Aeroporto Internacional de Brasília - Juscelino Kubitschek', 7, 'BSB, SBBR');
INSERT INTO Aeroporto (id, nome, cidade_id, codigoIata) VALUES (8, 'Aeroporto Internacional de Vitória - Eurico de Aguiar Salles', 8, 'VIX, SBVT');
INSERT INTO Aeroporto (id, nome, cidade_id, codigoIata) VALUES (9, 'Aeroporto Internacional de Goiânia - Santa Genoveva', 9, 'GYN, SBGO');
INSERT INTO Aeroporto (id, nome, cidade_id, codigoIata) VALUES (10, 'Aeroporto Internacional de São Luís - Marechal Cunha Machado', 10, 'SLZ, SBSL');
INSERT INTO Aeroporto (id, nome, cidade_id, codigoIata) VALUES (11, 'Aeroporto Internacional de Cuiabá - Marechal Rondon', 11, 'CGB, SBCY');
INSERT INTO Aeroporto (id, nome, cidade_id, codigoIata) VALUES (12, 'Aeroporto Internacional de Campo Grande - Ueze Elias Zahran', 12, 'CGR, SBCG');
INSERT INTO Aeroporto (id, nome, cidade_id, codigoIata) VALUES (13, 'Aeroporto de Belo Horizonte - Carlos Drummond de Andrade', 13, 'BHZ, SBBH');
INSERT INTO Aeroporto (id, nome, cidade_id, codigoIata) VALUES (14, 'Aeroporto Internacional de Belém - Júlio Cezar Ribeiro', 14, 'BEL, SBBE');
INSERT INTO Aeroporto (id, nome, cidade_id, codigoIata) VALUES (15, 'Aeroporto Internacional de João Pessoa - Presidente Castro Pinto', 15, 'JPA, SBJP');
INSERT INTO Aeroporto (id, nome, cidade_id, codigoIata) VALUES (16, 'Aeroporto Internacional de Curitiba -Afonso Pena', 16, 'CWB, SBCT');
INSERT INTO Aeroporto (id, nome, cidade_id, codigoIata) VALUES (17, 'Aeroporto Internacional do Recife - Gilberto Freyre', 17, 'REC, SBRF');
INSERT INTO Aeroporto (id, nome, cidade_id, codigoIata) VALUES (18, 'Aeroporto de Teresina - Senador Petrônio Portela', 18, 'THE, SBTE');
INSERT INTO Aeroporto (id, nome, cidade_id, codigoIata) VALUES (19, 'Aeroporto Internacional de Rio de Janeiro - Tom Jobim', 19, 'GIG, SBGL');
INSERT INTO Aeroporto (id, nome, cidade_id, codigoIata) VALUES (20, 'Aeroporto Internacional de Natal - Governador Aluízio Alves', 20, 'NAT, SBSG');
INSERT INTO Aeroporto (id, nome, cidade_id, codigoIata) VALUES (21, 'Aeroporto Internacional de Porto Alegre - Salgado Filho', 21, 'POA, SBPA');
INSERT INTO Aeroporto (id, nome, cidade_id, codigoIata) VALUES (22, 'Aeroporto Internacional de Porto Velho - Jorge Teixeira de Oliveira', 22, 'PVH, SBPV');
INSERT INTO Aeroporto (id, nome, cidade_id, codigoIata) VALUES (23, 'Aeroporto Internacional de Boa Vista - Atlas Brasil Cantanhede', 23, 'BVB, SBBV');
INSERT INTO Aeroporto (id, nome, cidade_id, codigoIata) VALUES (24, 'Aeroporto Internacional de Florianópolis - Hercílio Luz', 24, 'FLN, SBFL');
INSERT INTO Aeroporto (id, nome, cidade_id, codigoIata) VALUES (25, 'Aeroporto de São Paulo - Freitas Nobre', 25, 'CGH, SBSP');
INSERT INTO Aeroporto (id, nome, cidade_id, codigoIata) VALUES (26, 'Aeroporto Internacional de Aracaju - Santa María', 26, 'AJU, SBAR');
INSERT INTO Aeroporto (id, nome, cidade_id, codigoIata) VALUES (27, 'Aeroporto Internacional de Palmas - Brigadeiro Lysias Rodrigues', 27, 'PMW, SBPJ');

INSERT INTO Estado (id, nome, uf) VALUES (1, 'Acre', 'AC');
INSERT INTO Estado (id, nome, uf) VALUES (2, 'Alagoas', 'AL');
INSERT INTO Estado (id, nome, uf) VALUES (3, 'Amapá', 'AP');
INSERT INTO Estado (id, nome, uf) VALUES (4, 'Amazonas', 'AM');
INSERT INTO Estado (id, nome, uf) VALUES (5, 'Bahia', 'BA');
INSERT INTO Estado (id, nome, uf) VALUES (6, 'Ceará', 'CE');
INSERT INTO Estado (id, nome, uf) VALUES (7, 'Distrito Federal', 'DF');
INSERT INTO Estado (id, nome, uf) VALUES (8, 'Espírito Santo', 'ES');
INSERT INTO Estado (id, nome, uf) VALUES (9, 'Goiás', 'GO');
INSERT INTO Estado (id, nome, uf) VALUES (10, 'Maranhão', 'MA');
INSERT INTO Estado (id, nome, uf) VALUES (11, 'Mato Grosso', 'MT');
INSERT INTO Estado (id, nome, uf) VALUES (12, 'Mato Grosso do Sul', 'MS');
INSERT INTO Estado (id, nome, uf) VALUES (13, 'Minas Gerais', 'MG');
INSERT INTO Estado (id, nome, uf) VALUES (14, 'Pará', 'PA');
INSERT INTO Estado (id, nome, uf) VALUES (15, 'Paraíba', 'PB');
INSERT INTO Estado (id, nome, uf) VALUES (16, 'Paraná', 'PR');
INSERT INTO Estado (id, nome, uf) VALUES (17, 'Pernambuco', 'PE');
INSERT INTO Estado (id, nome, uf) VALUES (18, 'Piauí', 'PI');
INSERT INTO Estado (id, nome, uf) VALUES (19, 'Rio de Janeiro', 'RJ');
INSERT INTO Estado (id, nome, uf) VALUES (20, 'Rio Grande do Norte', 'RN');
INSERT INTO Estado (id, nome, uf) VALUES (21, 'Rio Grande do Sul', 'RS');
INSERT INTO Estado (id, nome, uf) VALUES (22, 'Rondônia', 'RO');
INSERT INTO Estado (id, nome, uf) VALUES (23, 'Roraima', 'RR');
INSERT INTO Estado (id, nome, uf) VALUES (24, 'Santa Catarina', 'SC');
INSERT INTO Estado (id, nome, uf) VALUES (25, 'São Paulo', 'SP');
INSERT INTO Estado (id, nome, uf) VALUES (26, 'Sergipe', 'SE');
INSERT INTO Estado (id, nome, uf) VALUES (27, 'Tocantins', 'TO');

INSERT INTO Cidade (id, nome, estado_id) VALUES (1, 'Rio Branco', 1);
INSERT INTO Cidade (id, nome, estado_id) VALUES (2, 'Maceió', 2);
INSERT INTO Cidade (id, nome, estado_id) VALUES (3, 'Macapá', 3);
INSERT INTO Cidade (id, nome, estado_id) VALUES (4, 'Manaus', 4);
INSERT INTO Cidade (id, nome, estado_id) VALUES (5, 'Salvador', 5);
INSERT INTO Cidade (id, nome, estado_id) VALUES (6, 'Fortaleza', 6);
INSERT INTO Cidade (id, nome, estado_id) VALUES (7, 'Brasília', 7);
INSERT INTO Cidade (id, nome, estado_id) VALUES (8, 'Vitória', 8);
INSERT INTO Cidade (id, nome, estado_id) VALUES (9, 'Goiânia', 9);
INSERT INTO Cidade (id, nome, estado_id) VALUES (10, 'São Luís', 10);
INSERT INTO Cidade (id, nome, estado_id) VALUES (11, 'Cuiabá', 11);
INSERT INTO Cidade (id, nome, estado_id) VALUES (12, 'Campo Grande', 12);
INSERT INTO Cidade (id, nome, estado_id) VALUES (13, 'Belo Horizonte', 13);
INSERT INTO Cidade (id, nome, estado_id) VALUES (14, 'Belém', 14);
INSERT INTO Cidade (id, nome, estado_id) VALUES (15, 'João Pessoa', 15);
INSERT INTO Cidade (id, nome, estado_id) VALUES (16, 'Curitiba', 16);
INSERT INTO Cidade (id, nome, estado_id) VALUES (17, 'Recife', 17);
INSERT INTO Cidade (id, nome, estado_id) VALUES (18, 'Teresina', 18);
INSERT INTO Cidade (id, nome, estado_id) VALUES (19, 'Rio de Janeiro', 19);
INSERT INTO Cidade (id, nome, estado_id) VALUES (20, 'Natal', 20);
INSERT INTO Cidade (id, nome, estado_id) VALUES (21, 'Porto Alegre', 21);
INSERT INTO Cidade (id, nome, estado_id) VALUES (22, 'Porto Velho', 22);
INSERT INTO Cidade (id, nome, estado_id) VALUES (23, 'Boa Vista', 23);
INSERT INTO Cidade (id, nome, estado_id) VALUES (24, 'Florianópolis', 24);
INSERT INTO Cidade (id, nome, estado_id) VALUES (25, 'São Paulo', 25);
INSERT INTO Cidade (id, nome, estado_id) VALUES (26, 'Aracaju', 26);
INSERT INTO Cidade (id, nome, estado_id) VALUES (27, 'Palmas', 27);

INSERT INTO CompanhiaAerea (id, nome, programaMilhas) VALUES (1, 'LATAM', 'LATAM Pass');
INSERT INTO CompanhiaAerea (id, nome, programaMilhas) VALUES (2, 'Azul', 'TudoAzul');

INSERT INTO GrauParentesto (id, descricao) VALUES (1, '1° Grau');
INSERT INTO GrauParentesto (id, descricao) VALUES (1, '2° Grau');

INSERT INTO ContatoSeguranca (id, grauParentesco_id, telefone, nome) VALUES (1, 1, '99 99999-9999', 'Segurança Pessoal LTDA');
INSERT INTO ContatoSeguranca (id, grauParentesco_id, telefone, nome) VALUES (2, 2, '99 99999-9999', 'Segurança Empresarial LTDA');

INSERT INTO Cliente (id, telefone, email, contatoSeguranca_id) VALUES (1, '11 11111-1111', 'emailPessoal1@gmail.com', 1);
INSERT INTO Cliente (id, telefone, email, contatoSeguranca_id) VALUES (2, '22 22222-2222', 'emailPessoal2@gmail.com', 1);
INSERT INTO Cliente (id, telefone, email, contatoSeguranca_id) VALUES (3, '33 33333-3333', 'emailPessoal3@gmail.com', 2);
INSERT INTO Cliente (id, telefone, email, contatoSeguranca_id) VALUES (4, '44 44444-4444', 'emailPessoal4@gmail.com', 2);

INSERT INTO Endereco (id, logradouro, cep, cidade_id, bairro, numero) VALUES (1, 'Logradouro 1', 'CEP 1', 27), 'Bairro 1', 'Numero 1');
INSERT INTO Endereco (id, logradouro, cep, cidade_id, bairro, numero) VALUES (2, 'Logradouro 2', 'CEP 2', 27, 'Bairro 2', 'Numero 2');
INSERT INTO Endereco (id, logradouro, cep, cidade_id, bairro, numero) VALUES (3, 'Logradouro 3', 'CEP 3', 27, 'Bairro 3', 'Numero 3');
INSERT INTO Endereco (id, logradouro, cep, cidade_id, bairro, numero) VALUES (4, 'Logradouro 4', 'CEP 4', 27, 'Bairro 4', 'Numero 4');

INSERT INTO Pessoa (id, nome, endereco_id) VALUES (1, 'Ismar Vinicius', 1);
INSERT INTO Pessoa (id, nome, endereco_id) VALUES (2, 'Arthur Souza', 2);
INSERT INTO Pessoa (id, nome, endereco_id) VALUES (3, 'Pablo Hígor', 3);
INSERT INTO Pessoa (id, nome, endereco_id) VALUES (4, 'Wellington Neto', 4);

INSERT INTO PessoaFisica (id, cpf, dataNascimento) VALUES (1, '111.111.111-11', '01/01/2001');
INSERT INTO PessoaFisica (id, cpf, dataNascimento) VALUES (2, '222.222.222-22', '02/02/2002');
INSERT INTO PessoaFisica (id, cpf, dataNascimento) VALUES (3, '333.333.333-33', '03/03/2003');
INSERT INTO PessoaFisica (id, cpf, dataNascimento) VALUES (4, '444.444.444-44', '04/04/2004');

INSERT INTO Piloto (id, pessoaFisica_id, numeroBreve, validadeBreve) VALUES (1, 1, '1111', '01/01/2041');
INSERT INTO Piloto (id, pessoaFisica_id, numeroBreve, validadeBreve) VALUES (2, 2, '2222', '02/02/2042');
INSERT INTO Piloto (id, pessoaFisica_id, numeroBreve, validadeBreve) VALUES (3, 3, '3333', '03/03/2043');
INSERT INTO Piloto (id, pessoaFisica_id, numeroBreve, validadeBreve) VALUES (4, 4, '4444', '04/04/2044');

INSERT INTO Voo (id, numero, dataHoraPartidaEsperada, dataHoraChegadaEsperada,
aviao_id, piloto_id, companhiaAerea_id, aeroporto_id, aeroporto_id) VALUES
(1, '101', '10/05/2023', '12/05/2023', 2, 1, 1, 4, 17);

INSERT INTO Voo (id, numero, dataHoraPartidaEsperada, dataHoraChegadaEsperada,
aviao_id, piloto_id, companhiaAerea_id, aeroporto_id, aeroporto_id) VALUES
(2, '102', '10/05/2023', '12/05/2023', 4, 2, 1, 6, 10);

INSERT INTO Voo (id, numero, dataHoraPartidaEsperada, dataHoraChegadaEsperada,
aviao_id, piloto_id, companhiaAerea_id, aeroporto_id, aeroporto_id) VALUES
(3, '103', '10/05/2023', '12/05/2023', 6, 3, 2, 22, 3);

INSERT INTO Voo (id, numero, dataHoraPartidaEsperada, dataHoraChegadaEsperada,
aviao_id, piloto_id, companhiaAerea_id, aeroporto_id, aeroporto_id) VALUES
(4, '104', '10/05/2023', '12/05/2023', 8, 4, 2, 27, 12);